KLUB,NAVN,POSITION,PLAYER_WYID,PLAYER_OPTAUUID,COMPETITION_WYID,COMPETITION_OPTAUUID,SENESTE_KLUB,KONTRAKT_START,KONTRAKT_UDLOEB,KILDE,KOMMENTAR,TIMESTAMP,UDLANDET
AC Horsens,Abdul Salam Moro,Midtbanespiller,1100439,51ymbnikkta369rn3exb1g7bo,328,6ifaeunfdelecgticvxanikzu,,,,,,,
AC Horsens,Adam Herman Bengt Herdonsson,Midtbanespiller,615955,9dh7cnu4uzbraeck0t5iqlj4k,328,6ifaeunfdelecgticvxanikzu,,,,,,,
AC Horsens,Adrian Justinussen,Angriber,338129,uiyol728wan4mxco2foplknp,328,6ifaeunfdelecgticvxanikzu,,,,,,,
AC Horsens,Alagie Saine,Forsvarsspiller,729780,7353ysa16qgg30b9z5qiagys4,328,6ifaeunfdelecgticvxanikzu,,,,,,,
AC Horsens,Alexander Ludwig,Forsvarsspiller,191024,61vr9xr91fr4g6ayzga5vn9w5,328,6ifaeunfdelecgticvxanikzu,,,,,,,
AC Horsens,Anders Norbo Hoff Nielsen,Målmand,580507,2h94np282g0qtzal1czznequi,328,6ifaeunfdelecgticvxanikzu,,,,,,,
AC Horsens,Andreas Bruus,Forsvarsspiller,399566,dj2f6zk2cd8u9lt6odoei9cdl,328,6ifaeunfdelecgticvxanikzu,,,,,,,
AC Horsens,Christ Tapé,Forsvarsspiller,1234,bdz03qovxerzrv12lgljae1p0,328,6ifaeunfdelecgticvxanikzu,,,,,,,
AC Horsens,Emil Frederiksen,Midtbanespiller,1135566,6k7khwtkxpem9z17bl5rrf2p6,328,6ifaeunfdelecgticvxanikzu,,,,,,,
AC Horsens,Fallou Sene,Angriber,629166,ohjn9tgx28c0qssvrdvzr5zo,328,6ifaeunfdelecgticvxanikzu,,,,,,,
AC Horsens,Filip Dukic,Målmand,471964,d9hh01mit4geyadol3gmzco9,328,6ifaeunfdelecgticvxanikzu,,,,,,,
AC Horsens,Frederik Brandhof,Midtbanespiller,335707,ca1b5707pdpx0ucug40ggnahh,328,6ifaeunfdelecgticvxanikzu,,,,,,,
AC Horsens,Frederik Juul Christensen,Midtbanespiller,525649,5w0giylttgiapseaw6qky0mxg,328,6ifaeunfdelecgticvxanikzu,,,,,,,
AC Horsens,Frederik Roslyng Christiansen,Forsvarsspiller,678037,4i0jiisff5k1efcgf27skpqfo,328,6ifaeunfdelecgticvxanikzu,,,,,,,
AC Horsens,Gudlaugur Victor Palsson,Forsvarsspiller,59010,4braldrfw3y7g030lctguuuol,328,6ifaeunfdelecgticvxanikzu,,,,,,,
AC Horsens,Ivan Milicevic,Forsvarsspiller,477601,9cg2dx19fx5be3zewtmx97e95,328,6ifaeunfdelecgticvxanikzu,,,,,,,
AC Horsens,John Batigi,Angriber,1088050,r7imm9mbdhqsepdyrk065mac,328,6ifaeunfdelecgticvxanikzu,,,,,,,
AC Horsens,Julius Madsen,Midtbanespiller,782185,eso2tbbpnxu9qvx6zy07m5jx0,328,6ifaeunfdelecgticvxanikzu,,,,,,,
AC Horsens,Karlo Lusavec,Midtbanespiller,685728,dfxs5u8rdcxhzp33aks3acdn8,328,6ifaeunfdelecgticvxanikzu,,,,,,,
AC Horsens,Kristian Kirkegaard,Midtbanespiller,562564,3ylgelxr6ssp42hidfnchqp2i,328,6ifaeunfdelecgticvxanikzu,,,,,,,
AC Horsens,Kwaku Karikari,Angriber,857008,cqsc3mj8klukkgutdrpegybdg,328,6ifaeunfdelecgticvxanikzu,,,,,,,
AC Horsens,Mads Fenger Nielsen,Forsvarsspiller,449617,77zrjzfkfp7hozuj05ktwhtqt,328,6ifaeunfdelecgticvxanikzu,,,,,,,
Hvidovre,Marvin Egho,Angriber,269701,4m9sp9mxlsjk6fv7v218yqfv9,328,6ifaeunfdelecgticvxanikzu,,,,,,,
AC Horsens,Matej Delac,Målmand,82361,8uhv14rin2znrr0wqgvcc2f2t,328,6ifaeunfdelecgticvxanikzu,,,,,,,
AC Horsens,Mikkel Kupijbida,Forsvarsspiller,768994,2gsd0ocro9aqgqn4ql3rg8e8k,328,6ifaeunfdelecgticvxanikzu,,,,,,,
AC Horsens,Muhamet Hyseni,Angriber,542907,a48bpdpt0siemxqtr3rubwbu,328,6ifaeunfdelecgticvxanikzu,,,,,,,
AC Horsens,Ole Martin Lekven Kolskogen,Forsvarsspiller,544671,4lxxyqy78jkglhv2w6crzcnsa,328,6ifaeunfdelecgticvxanikzu,,,,,,,
AC Horsens,Patrick Haakon Olsen,Midtbanespiller,965343,8jotzm26md7pzdy2gn474chqt,328,6ifaeunfdelecgticvxanikzu,,,,,,,
AC Horsens,Roko Baturina,Angriber,497703,asg0277qek5q1z0m43bs8y415,328,6ifaeunfdelecgticvxanikzu,,,,,,,
AC Horsens,Sanders Ngabo,Midtbanespiller,679185,81w1fqi66z0ibawynhraybaxg,328,6ifaeunfdelecgticvxanikzu,,,,,,,
AC Horsens,Sebastian Lund Hausner,Forsvarsspiller,476349,5lu7bn7uec3zjqpoi1x81gbu1,328,6ifaeunfdelecgticvxanikzu,,,,,,,
Udlandet,Sebastian Pingel,Angriber,361142,3epwf56ozg73hueacwmckk0r9,328,6ifaeunfdelecgticvxanikzu,,,,,,,True
AC Horsens,Seniko Romeo Doua,Forsvarsspiller,4321,6qko3f8w2ap9ynbuq2g55i5n8,328,6ifaeunfdelecgticvxanikzu,,,,,,,
AC Horsens,Yamirou Ouorou,Midtbanespiller,1100458,7hso2bszmf4qal560jhrg2904,328,6ifaeunfdelecgticvxanikzu,,,,,,,
AC Horsens,Asgeir Galdur Gudmundsson,Midtbanespiller,0,c2x3pewqx6d9q3c5dup0udxw,328,6ifaeunfdelecgticvxanikzu,,,,,,,
AaB,Alexander Lien Hapnes,Midtbanespiller,750363,5y2mfgruizah0ylcz7q1abw9g,328,6ifaeunfdelecgticvxanikzu,,,,,,,
AaB,Anders Abdull-Gaffar Haidar Noshe,Angriber,644794,3c7oy1stwyquawdfzzom13xn8,328,6ifaeunfdelecgticvxanikzu,,,,,,,
AaB,Andreas Maarup Hansen,Midtbanespiller,0,cf6zq49y8v1ekw07e7yi3uac,328,6ifaeunfdelecgticvxanikzu,,,,,,,
AaB,Andres Jasson,Angriber,534982,8bi1tlz62rjwyak4pnnzgp562,328,6ifaeunfdelecgticvxanikzu,,,,,,,
AaB,Benjamin Tiedemann Hansen,Forsvarsspiller,679865,9yb0exf35kl3avhdnlhv23glx,328,6ifaeunfdelecgticvxanikzu,,,,,,,
AaB, Bertil Grønkjær,Målmand,746626,3tka46re2gsi9uw7pbxx5m0pg,328,6ifaeunfdelecgticvxanikzu,,,,,,,
Aalborg BK,Bertram Peter Skovgaard,Angriber,789788,cimgdip8em45rbnjq5fwlrx90,328,6ifaeunfdelecgticvxanikzu,,,,,,,
Aalborg BK,Bjarne Pudel,Forsvarsspiller,521378,8vi3l756ez0e96k7muvg4ekbu,328,6ifaeunfdelecgticvxanikzu,,,,,,,
Aalborg BK,Carl Adam Andersson,Forsvarsspiller,252417,8ynqwlysks0dvn46ja7zq5vit,328,6ifaeunfdelecgticvxanikzu,,,,,,,
Aalborg BK,Christian Tcacenco,Forsvarsspiller,738329,2s4umgp3yqnb2hubfoaxhwr2s,328,6ifaeunfdelecgticvxanikzu,,,,,,,
Aalborg BK,Cornelius Axel Olsson,Forsvarsspiller,678663,5uo9saax5iqsctxq7w3si8w0k,328,6ifaeunfdelecgticvxanikzu,,,,,,,
Aalborg BK,Elison Makolli,Forsvarsspiller,776258,697f50qoetodmfe8ybcuey2ac,328,6ifaeunfdelecgticvxanikzu,,,,,,,
Aalborg BK,Jubril Chukwu-Emeka Adedeji,Angriber,568766,4sgxth7onhb5mu29bgyupby3u,328,6ifaeunfdelecgticvxanikzu,,,,,,,
Aalborg BK,Kelvin Pius John,Angriber,568923,5vrsflxiv2dgfa8199a2qxsve,328,6ifaeunfdelecgticvxanikzu,,,,,,,
Aalborg BK,Kornelius Hansen,Angriber,1103136,48sqqhgtmfmpqb3602iirspd6,328,6ifaeunfdelecgticvxanikzu,,,,,,,
Aalborg BK,Mads Bomholt,Midtbanespiller,625600,ejixz16616b7krftxyzv9yiac,328,6ifaeunfdelecgticvxanikzu,,,,,,,
Aalborg BK,Marc Langskov Nielsen,Forsvarsspiller,1222413,bcdp9e3dezuaybm8ndrsanbx0,328,6ifaeunfdelecgticvxanikzu,,,,,,,
Aalborg BK,Marcus Bonde,Midtbanespiller,760812,e7wytawxwiszq1aass5ujio7o,328,6ifaeunfdelecgticvxanikzu,,,,,,,
Aalborg BK,Markus Andre Kaasa,Midtbanespiller,472140,e0j0uakuzduvis9wqsocngwrt,328,6ifaeunfdelecgticvxanikzu,,,,,,,
Aalborg BK,Mathias Jorgensen,Angriber,1184840,1arzd8hqj73byhduozscqz5uy,328,6ifaeunfdelecgticvxanikzu,,,,,,,
Aalborg BK,Mikkel Kallessoe Andreasen,Forsvarsspiller,284613,a6ymx4wkrn260rtpb360nsiqd,328,6ifaeunfdelecgticvxanikzu,,,,,,,
Aalborg BK,Mohamed Amar Diagne,Angriber,679420,ezi8426ran0bffeyfvloc2ihg,328,6ifaeunfdelecgticvxanikzu,,,,,,,
Aalborg BK,Mylian Tenoch Jimenez,Midtbanespiller,636037,8mkrj5bnkyhx8kutc4656cy96,328,6ifaeunfdelecgticvxanikzu,,,,,,,
Aalborg BK,Nicklas Helenius Jensen,Angriber,56396,rv6r0bwbl75er38wklyfpsr9,328,6ifaeunfdelecgticvxanikzu,,,,,,,
Aalborg BK,Noel Atli Arnorsson,Forsvarsspiller,660853,brinkgys7026490q3ixx6h9uc,328,6ifaeunfdelecgticvxanikzu,,,,,,,
Aalborg BK,Oliver Ross,Angriber,619642,5lz41celw55rz3zh8pohclw5w,328,6ifaeunfdelecgticvxanikzu,,,,,,,
Aalborg BK,Valdemar Moller Damgaard,Midtbanespiller,1212997,5521epytthhw9afm2r3jn3384,328,6ifaeunfdelecgticvxanikzu,,,,,,,
Aalborg BK,Vincent Carsten Maria Muller,Målmand,520616,a2l4ep71txn2edtjjcgewai5m,328,6ifaeunfdelecgticvxanikzu,,,,,,,
Aarhus Fremad,Anders Solvsten Holvad,Angriber,56086,f5do9kh6590dwx2732iak0edx,328,6ifaeunfdelecgticvxanikzu,,,,,,,
Aarhus Fremad,Andreas Pisani Laugesen,Forsvarsspiller,947782,2lvlyvfvdoz7kyqtib6jm9btg,328,6ifaeunfdelecgticvxanikzu,,,,,,,
Aarhus Fremad,Carl Caroe Nygaard,Midtbanespiller,1122900,2n8fvjqe4es6a04l4ki18uvbo,328,6ifaeunfdelecgticvxanikzu,,,,,,,
Aarhus Fremad,Elias Caspersen Egerton,Midtbanespiller,700514,8rqctff92ui8fanzbk6skyyac,328,6ifaeunfdelecgticvxanikzu,,,,,,,
Aarhus Fremad,Erik Nissen,Forsvarsspiller,441926,ecavckbyx6xmni5tglua8o25l,328,6ifaeunfdelecgticvxanikzu,,,,,,,
Aarhus Fremad,Frederik Grube Andersen,Midtbanespiller,450283,186mdd3akww1wyxdc9ouw6kno,328,6ifaeunfdelecgticvxanikzu,,,,,,,
Aarhus Fremad,Jashar Beluli,Midtbanespiller,624663,29y19vqfjkvlc8s9gr5v5atqs,328,6ifaeunfdelecgticvxanikzu,,,,,,,
Aarhus Fremad,Jonas Sondberg Thorsen,Midtbanespiller,56083,3b8zmft8guvxlwfl1ystmjzkl,328,6ifaeunfdelecgticvxanikzu,,,,,,,
Aarhus Fremad,Jonas Ostergaard,Angriber,1239331,4yfwo1ja5nchmj85dlml95o2c,328,6ifaeunfdelecgticvxanikzu,,,,,,,
Aarhus Fremad,Kasper Hartly Kiilerich,Målmand,679868,c0eo0t8an4ud07drvo5lk7ml0,328,6ifaeunfdelecgticvxanikzu,,,,,,,
Aarhus Fremad,Kasper Lunding Jakobsen,Midtbanespiller,483956,6zxcmzp7w6esj54g05tvk7ai1,328,6ifaeunfdelecgticvxanikzu,,,,,,,
Aarhus Fremad,Kasper Nygaard Andersen,Midtbanespiller,481951,f1mn7hl9ythw3bblz9lguqtjo,328,6ifaeunfdelecgticvxanikzu,,,,,,,
Aarhus Fremad,Luka Callø Carstensen,Forsvarsspiller,685731,9delpquqv81o7ftrgefb0wpp0,328,6ifaeunfdelecgticvxanikzu,,,,,,,
Aarhus Fremad,Magnus Kaastrup,Angriber,476355,9nafz0c0x2qvmo5ldm0djmcq1,328,6ifaeunfdelecgticvxanikzu,,,,,,,
Aarhus Fremad,Magnus Kirchheiner,Midtbanespiller,453319,5q7msbcrmtsr3b7tykgb6l05w,328,6ifaeunfdelecgticvxanikzu,,,,,,,
Aarhus Fremad,Malthe Kjølby,Forsvarsspiller,679215,dv0suyzy1i57u7x1l1rm94bv8,328,6ifaeunfdelecgticvxanikzu,,,,,,,
Aarhus Fremad,Marcus Kirchheiner,Forsvarsspiller,562683,7zb57r5m7lmvj3xlf9y1ldez8,328,6ifaeunfdelecgticvxanikzu,,,,,,,
Aarhus Fremad,Marcus de Claville Berthelsen,Angriber,1029513,6yh22sf7jss7huppjtromrkes,328,6ifaeunfdelecgticvxanikzu,,,,,,,
Aarhus Fremad,Martin Agnarsson,Forsvarsspiller,609861,9w1wpf3tocn27ed1oaaoe5zsa,328,6ifaeunfdelecgticvxanikzu,,,,,,,
Aarhus Fremad,Mathias Kubel,Midtbanespiller,450111,az9olsp7tglzt73awei9a4cgk,328,6ifaeunfdelecgticvxanikzu,,,,,,,
Aarhus Fremad,Oliver lykke Andreasen,Forsvarsspiller,1175648,99518av3ju5u5wooeimy4x5hw,328,6ifaeunfdelecgticvxanikzu,,,,,,,
Aarhus Fremad,Oluwasegun Oluwatobi Olalere,Forsvarsspiller,0,bv78sm66yinm0hdoawecai5g4,328,6ifaeunfdelecgticvxanikzu,,,,,,,
Aarhus Fremad,Simon Baekgard,Midtbanespiller,518890,5o1k2hd9rdooxpjgbnabuh94a,328,6ifaeunfdelecgticvxanikzu,,,,,,,
Aarhus Fremad,Viktor Hojbjerg,Målmand,620139,f2hab1q8nrvah7j2k5ci0edxw,328,6ifaeunfdelecgticvxanikzu,,,,,,,
Aarhus Fremad,Olafur Dan Hjaltason,Forsvarsspiller,0,a5alop4wg4qwwu812pfskfjtg,328,6ifaeunfdelecgticvxanikzu,,,,,,,
Boldklubben af 1893,Adam Ahmad,Angriber,659984,4csz412vb3lquessbnf999ct0,328,6ifaeunfdelecgticvxanikzu,,,,,,,
Boldklubben af 1893,Ahmed Daghim,Midtbanespiller,449782,6otr0cifkk9jbmxc2ew2spka,328,6ifaeunfdelecgticvxanikzu,,,,,,,
Boldklubben af 1893,Andreas Heimer Hansen,Midtbanespiller,424254,6dki65mdd3letfjjj51i0w3c9,328,6ifaeunfdelecgticvxanikzu,,,,,,,
Boldklubben af 1893,Aris Nikolaos Halling Vaporakis,Målmand,279693,9y3vs6l0mjj38z0kw062jlh3p,328,6ifaeunfdelecgticvxanikzu,,,,,,,
Boldklubben af 1893,Carl Sebastian Bjork,Angriber,382384,x3ad9hfxts6jpfugy3kvq9d5,328,6ifaeunfdelecgticvxanikzu,,,,,,,
Boldklubben af 1893,Chukwuemeka Paul Nnamani,Angriber,449513,8i0o1b8rjsab9se3v6vteqmfo,328,6ifaeunfdelecgticvxanikzu,,,,,,,
Boldklubben af 1893,Emil Normark Christensen,Forsvarsspiller,1107562,8xe0fufxfgf5cuwgysz3r2j85,328,6ifaeunfdelecgticvxanikzu,,,,,,,
Boldklubben af 1893,Emil Rosberg Moller,Forsvarsspiller,612339,2k5289tevc2gxo04i83io5a3u,328,6ifaeunfdelecgticvxanikzu,,,,,,,
Boldklubben af 1893,Fisnik Isaki,Midtbanespiller,579401,86mx27krl6c613x6e3t9g3cic,328,6ifaeunfdelecgticvxanikzu,,,,,,,
Boldklubben af 1893,Frederik Ibsen,Målmand,1108054,7k2c7wgoywy7boesjer5578q1,328,6ifaeunfdelecgticvxanikzu,,,,,,,
Boldklubben af 1893,Gustav Hojbjerg,Forsvarsspiller,577579,ab3nxxoj7bxlnhot9htoex1xw,328,6ifaeunfdelecgticvxanikzu,,,,,,,
Boldklubben af 1893,Jacob Egeris Pedersen,Forsvarsspiller,56096,2uellcocrvapu7o70g5zdcmad,328,6ifaeunfdelecgticvxanikzu,,,,,,,
Boldklubben af 1893,Julius Voldby Rosenberg Hansen,Angriber,619472,5mmgppapbchmcj9zdtyw0w5xw,328,6ifaeunfdelecgticvxanikzu,,,,,,,
Boldklubben af 1893,Kristaps Grabovskis,Midtbanespiller,775933,3u184ybkonoa5ubxjzoy06ntg,328,6ifaeunfdelecgticvxanikzu,,,,,,,
Boldklubben af 1893,Ludvig Fagersted Henriksen,Forsvarsspiller,683025,6g671k5lvgoo2bgub2516q1w4,328,6ifaeunfdelecgticvxanikzu,,,,,,,
Boldklubben af 1893,Michael Aksel Bataican Falkesgaard,Målmand,56004,b2gkyjq8emj9pywryc3rycogl,328,6ifaeunfdelecgticvxanikzu,,,,,,,
Boldklubben af 1893,Mikkel Mouritz Jensen,Midtbanespiller,494823,ezbixgm2km8iapnsl57bn4wkp,328,6ifaeunfdelecgticvxanikzu,,,,,,,
Boldklubben af 1893,Mikkel Wohlgemuth,Midtbanespiller,165292,e8vt8711wb40afht2v13omket,328,6ifaeunfdelecgticvxanikzu,,,,,,,
Boldklubben af 1893,Muhammad Huzaifa Khan,Forsvarsspiller,779828,1j48dmn5tafd2gp4rjmjlbm6s,328,6ifaeunfdelecgticvxanikzu,,,,,,,
Boldklubben af 1893,Nicklas Mouritz Mouritsen,Forsvarsspiller,284615,eyvv6b94feknnp1uew6n0ytat,328,6ifaeunfdelecgticvxanikzu,,,,,,,
Boldklubben af 1893,Nicolaj Thomsen,Midtbanespiller,766025,4a0jmv6qmwn01iuqp1mhnyzth,328,6ifaeunfdelecgticvxanikzu,,,,,,,
Boldklubben af 1893,Ole Jakobsen,Angriber,933530,egnjbmbxkceiygmp2jty4b47o,328,6ifaeunfdelecgticvxanikzu,,,,,,,
Boldklubben af 1893,Oliver Konstantin Thomassen,Midtbanespiller,751752,a8ccmy6j1xj2yvx324vws81lg,328,6ifaeunfdelecgticvxanikzu,,,,,,,
Boldklubben af 1893,Osman Abdulkadir Addo,Angriber,602506,kqj7nh6pqmqbt0abyyu0fcpg,328,6ifaeunfdelecgticvxanikzu,,,,,,,
Boldklubben af 1893,Osvald Gabriel Soe,Forsvarsspiller,681330,9213debwtuph6cjborx73sx78,328,6ifaeunfdelecgticvxanikzu,,,,,,,
Boldklubben af 1893,Roni Arabaci,Angriber,449251,7h02v4ymnko5fh01iylbh34es,328,6ifaeunfdelecgticvxanikzu,,,,,,,
Boldklubben af 1893,Sebastian Koch,Angriber,443718,8viazilbghyogmhd7w3lg2six,328,6ifaeunfdelecgticvxanikzu,,,,,,,
Boldklubben af 1893,Sven Bech Leschly,Midtbanespiller,747959,ef2hrwtfvwripjcioi42zkowk,328,6ifaeunfdelecgticvxanikzu,,,,,,,
Boldklubben af 1893,Tobias Vedel Blidegn,Midtbanespiller,814404,dja68kdmhtsm9x5zqzgtpqas4,328,6ifaeunfdelecgticvxanikzu,,,,,,,
Boldklubben af 1893,Vito Edgar Hammershoy-Mistrati,Midtbanespiller,56210,e3n8xatusmgu7ttqpfdjanp3p,328,6ifaeunfdelecgticvxanikzu,,,,,,,
Boldklubben af 1893,Yasin Belhadj,Angriber,766724,52xeb867n93p1wftf42wxu1w4,328,6ifaeunfdelecgticvxanikzu,,,,,,,
Esbjerg fB,Alexander Ballegaard Ammitzboll,Angriber,520760,8xim1ji9vq8lwkgkg10du2zje,328,6ifaeunfdelecgticvxanikzu,,,,,,,
Esbjerg fB,Anders Sonderskov,Forsvarsspiller,638043,ajk0mbprro09pccglih9y740k,328,6ifaeunfdelecgticvxanikzu,,,,,,,
Esbjerg fB,Andreas Sejr Lausen,Midtbanespiller,535634,ate1ymumg2iwzn8uyyf3ts222,328,6ifaeunfdelecgticvxanikzu,,,,,,,
Esbjerg fB,Andreas Troelsen,Forsvarsspiller,551696,bmkwmf5f2ssnw2cq7uga7yd5g,328,6ifaeunfdelecgticvxanikzu,,,,,,,
Esbjerg fB,Anton Skipper Hendriksen,Forsvarsspiller,476350,aqc0qritba195wf770gyd1149,328,6ifaeunfdelecgticvxanikzu,,,,,,,
Esbjerg fB,Benjamin Steenfeldt Hvidt,Midtbanespiller,434294,4yyiv4t6irqpeayug5qgvmkmh,328,6ifaeunfdelecgticvxanikzu,,,,,,,
Esbjerg fB,Bertram Bangsted Kvist,Midtbanespiller,625209,cqgmx6eiriomccxfhykh31r10,328,6ifaeunfdelecgticvxanikzu,,,,,,,
Esbjerg fB,Breki Baldursson,Midtbanespiller,835759,418pvntm5e5kcoeyjjnzm7hg4,328,6ifaeunfdelecgticvxanikzu,,,,,,,
Esbjerg fB,Daniel Gadegaard Andersen,Målmand,544923,7fkc01xxyl1trj3uav134ehyi,328,6ifaeunfdelecgticvxanikzu,,,,,,,
Esbjerg fB,Emil Larsen,Forsvarsspiller,1229119,4qrn5kj136e8h2do3wpv8wr9w,328,6ifaeunfdelecgticvxanikzu,,,,,,,
Esbjerg fB,Jacob Buus Jacobsen,Forsvarsspiller,625595,s8c0oxnoqt6zi7pi88rwawvd,328,6ifaeunfdelecgticvxanikzu,,,,,,,
Esbjerg fB,Jakob Svarrer Ankersen,Midtbanespiller,55960,4mxciw9jsj9l437fd7bv78p91,328,6ifaeunfdelecgticvxanikzu,,,,,,,
Esbjerg fB,Julius Eskelund Beck,Midtbanespiller,624821,9n2nm6smh0txgv2482qbwhixg,328,6ifaeunfdelecgticvxanikzu,,,,,,,
Esbjerg fB,Julius Lucena,Angriber,767230,5sha6xhovfmuzd7rolx1om39w,328,6ifaeunfdelecgticvxanikzu,,,,,,,
Esbjerg fB,Kasper Kristensen,Målmand,740040,45bcgucg627rhrdgt8tn9hd9m,328,6ifaeunfdelecgticvxanikzu,,,,,,,
Esbjerg fB,Lasse Vigen Christensen,Midtbanespiller,135111,8k4wwchytdstpn0yhrxd5nbv9,328,6ifaeunfdelecgticvxanikzu,,,,,,,
Esbjerg fB,Leonel Dahl Montano,Forsvarsspiller,449261,1se7wkenvs4elrapvdw9mdnje,328,6ifaeunfdelecgticvxanikzu,,,,,,,
Esbjerg fB,Lucas From,Angriber,484165,6hmsrr08cllpl4iumu92zskbt,328,6ifaeunfdelecgticvxanikzu,,,,,,,
Esbjerg fB,Marcus Winther Hansen,Midtbanespiller,1234283,cod92jjb3qqrg6n1tu15ciwpg,328,6ifaeunfdelecgticvxanikzu,,,,,,,
Esbjerg fB,Mikail Maden,Midtbanespiller,643095,15yli690oxmbr4dl1ksti2p9m,328,6ifaeunfdelecgticvxanikzu,,,,,,,
Esbjerg fB,Muamer Brajanac,Angriber,544940,4krwgfspxdgpq1pli11b04iga,328,6ifaeunfdelecgticvxanikzu,,,,,,,
Esbjerg fB,Nicolai Reintoft Blicher,Forsvarsspiller,660886,ayjuukbjjzrldkn4d4shfnggk,328,6ifaeunfdelecgticvxanikzu,,,,,,,
Esbjerg fB,Noah Oliver Strandby,Angriber,679271,a3s2lypc1aceu363i78aczx1w,328,6ifaeunfdelecgticvxanikzu,,,,,,,
Esbjerg fB,Oluwatomiwa John Kolawole,Midtbanespiller,860179,djm3hebvv79jo679zzd2b71g4,328,6ifaeunfdelecgticvxanikzu,,,,,,,
Esbjerg fB,Patrick Lindholm Tjornelund,Forsvarsspiller,535622,37mo55lynu3blqnb8k9ln8k16,328,6ifaeunfdelecgticvxanikzu,,,,,,,
Esbjerg fB,Peter Nicolai Kruse Bjur,Midtbanespiller,495421,6m4anciafmzc24s44xszymbc9,328,6ifaeunfdelecgticvxanikzu,,,,,,,
Esbjerg fB,Robby McCrorie,Målmand,282279,coo9pdc5uiiypv0e92i29ipxx,328,6ifaeunfdelecgticvxanikzu,,,,,,,
Esbjerg fB,Sander Eng Strand,Forsvarsspiller,544672,f5gja2wqjlm60rideia16jpm2,328,6ifaeunfdelecgticvxanikzu,,,,,,,
Esbjerg fB,Tim Freriks,Angriber,565889,4jve632xnmqujh4ioaxpaovai,328,6ifaeunfdelecgticvxanikzu,,,,,,,
Esbjerg fB,Tobias Kirstrup Stagaard,Forsvarsspiller,535621,c7buy99bjqmkmno8w5t0189d6,328,6ifaeunfdelecgticvxanikzu,,,,,,,
Esbjerg fB,Waylon Ramon Renecke,Forsvarsspiller,776764,840m8epnbm3hz70ppuzxhwnx0,328,6ifaeunfdelecgticvxanikzu,,,,,,,
Esbjerg fB,Yacine Bourhane,Midtbanespiller,453580,7wo1hk736v1xhovvu2t2trw89,328,6ifaeunfdelecgticvxanikzu,,,,,,,
HB Koge,Adam Choukri,Angriber,766629,5lr1hjzvi393qbkv9myxoi51w,328,6ifaeunfdelecgticvxanikzu,,,,,,,
HB Koge,Alfred Gøthler,Angriber,901665,d2ukggo2v5jsw4pctznmaijo4,328,6ifaeunfdelecgticvxanikzu,,,,,,,
HB Koge,Basem Alkhoudari,Angriber,707005,6orujbbswf771s9rv0dcd8kd0,328,6ifaeunfdelecgticvxanikzu,,,,,,,
HB Koge,Berkant Bayrak,Målmand,639557,dqqswfn9s1tdxjoslts8ks6xg,328,6ifaeunfdelecgticvxanikzu,,,,,,,
HB Koge,Christian Emil Tue Jensen,Angriber,683417,74m58jsznzu8l89b8h7rkh1bd,328,6ifaeunfdelecgticvxanikzu,,,,,,,
HB Koge,Emil Villumsen,Forsvarsspiller,869194,18g25rcpd99fe1gvr48uoqmtw,328,6ifaeunfdelecgticvxanikzu,,,,,,,
HB Koge,Erkan Semovski,Angriber,705604,8qzac8nxm8nxbckdaisnooutw,328,6ifaeunfdelecgticvxanikzu,,,,,,,
HB Koge,Gabriel M. Larsen,Midtbanespiller,1132566,3mgrufy83uhzs9liw8pwxi784,328,6ifaeunfdelecgticvxanikzu,,,,,,,
HB Koge,Gabriel Culhaci,Forsvarsspiller,478750,1icurh5jrnw1e6jdgqxjnhdnu,328,6ifaeunfdelecgticvxanikzu,,,,,,,
HB Koge,Hans Christian Bonnesen,Forsvarsspiller,523409,2pm5oqzyonn0dysa5nszgq3xm,328,6ifaeunfdelecgticvxanikzu,,,,,,,
HB Koge,Ifenna Benjamin Dorgu,Angriber,697954,bmvcofmie6om4muxij4kdkro4,328,6ifaeunfdelecgticvxanikzu,,,,,,,
HB Koge,Jafar Aurelio Miguel Arias,Angriber,354584,3mcj3wypzq3lno1ehc0vif1sl,328,6ifaeunfdelecgticvxanikzu,,,,,,,
HB Koge,Laurits Bust Sorensen,Forsvarsspiller,516375,6gmm4awyvlf9p7jr9dvnmp0tm,328,6ifaeunfdelecgticvxanikzu,,,,,,,
HB Koge,Lukas Rostgaard Achton,Forsvarsspiller,765153,czudq621hgfprwetp10ckv9jo,328,6ifaeunfdelecgticvxanikzu,,,,,,,
HB Koge,Lukas Schmidt,Midtbanespiller,679648,etv86c76faputyvch964nju38,328,6ifaeunfdelecgticvxanikzu,,,,,,,
HB Koge,Mads Schutt Rasmussen,Midtbanespiller,1071570,k43cten7yb6p59yo0firhb84,328,6ifaeunfdelecgticvxanikzu,,,,,,,
HB Koge,Mads Westergren,Forsvarsspiller,521067,7al9w77ailhli8g487tkl32tw,328,6ifaeunfdelecgticvxanikzu,,,,,,,
HB Koge,Marc Rochester Sorensen,Midtbanespiller,0,444n8m1tirk6lp739iigw42c5,328,6ifaeunfdelecgticvxanikzu,,,,,,,
HB Koge,Marcel Romer,Midtbanespiller,56365,5733iw16239m83syv5dm8huj9,328,6ifaeunfdelecgticvxanikzu,,,,,,,
HB Koge,Mattias Jakobsen,Forsvarsspiller,562224,5nved2kta2hk8103hkyhq33hm,328,6ifaeunfdelecgticvxanikzu,,,,,,,
HB Koge,Michael Steven Chacon Ibarguen,Midtbanespiller,205415,11ngumxajbizagbzpm5kompxx,328,6ifaeunfdelecgticvxanikzu,,,,,,,
HB Koge,Markus Jensen,Midtbanespiller,1239364,619s1phj5bkgkug3aszc1y9cl,328,6ifaeunfdelecgticvxanikzu,,,,,,,
HB Koge,Mohamad Fakhri Al Naser,Angriber,0,abhfq12njxxutqjtb9zvcusyc,328,6ifaeunfdelecgticvxanikzu,,,,,,,
HB Koge,Mustafa Abdulghani Mohsin Salah,Angriber,679398,5jv4a1295xd5oonpj9w9fy61g,328,6ifaeunfdelecgticvxanikzu,,,,,,,
HB Koge,Niklas Jakobsen,Midtbanespiller,680375,4ti8pdx03j8dh4mdb626ltmvo,328,6ifaeunfdelecgticvxanikzu,,,,,,,
HB Koge,Noah Emil Sommergaard,Målmand,639591,bwxxfcjd31gykfbpomwr1od90,328,6ifaeunfdelecgticvxanikzu,,,,,,,
HB Koge,Omran Khattar,Angriber,0,6k9ri9m1ha4sfqrfccl7ieyvo,328,6ifaeunfdelecgticvxanikzu,,,,,,,
HB Koge,Rasmus Brodersen,Forsvarsspiller,568373,14mwsmzsrmev2646t2gg22has,328,6ifaeunfdelecgticvxanikzu,,,,,,,
HB Koge,Sebastian Larsen,Forsvarsspiller,769200,4m7gr5z6b40dj02yrmlwgeluc,328,6ifaeunfdelecgticvxanikzu,,,,,,,
HB Koge,Silas Hald,Forsvarsspiller,738376,67p0s4o54xcmiustgy8k5gljo,328,6ifaeunfdelecgticvxanikzu,,,,,,,
HB Koge,Tobias Bendix Thomsen,Angriber,1012799,43m33adgmas68tl6m34gkuzth,328,6ifaeunfdelecgticvxanikzu,,,,,,,
HB Koge,Viktor Lovgren Sorensen,Midtbanespiller,680621,egxik3guom123v43rthy89c7o,328,6ifaeunfdelecgticvxanikzu,,,,,,,
Hillerød Fodbold,Abdul Hakim Sulemana,Angriber,620381,bz76p441ynj57eytvsz9kmtck,328,6ifaeunfdelecgticvxanikzu,,,,,,,
Hillerød Fodbold,Adrian Kappenberger,Målmand,511743,8mswl5vzza12hylodrrsq3zvu,328,6ifaeunfdelecgticvxanikzu,,,,,,,
Hillerød Fodbold,Alessio Alicino,Midtbanespiller,449083,7l7f98nn8gohmdacsdb2labkk,328,6ifaeunfdelecgticvxanikzu,,,,,,,
Hillerød Fodbold,Ali Basim Mohammed Al Mosawe,Midtbanespiller,0,21bafxfg7hy0agd0upyqxw0a2,328,6ifaeunfdelecgticvxanikzu,,,,,,,
Hillerød Fodbold,Berzan Kücükyilidiz,Midtbanespiller,815332,bpldj4qdzfdm1n739atcadbmc,328,6ifaeunfdelecgticvxanikzu,,,,,,,
Hillerød Fodbold,Cornelius Allen,Forsvarsspiller,577967,81gka3mi69fh8gyehyy8xo9as,328,6ifaeunfdelecgticvxanikzu,,,,,,,
Hillerød Fodbold,Daniel Johansen,Forsvarsspiller,373160,85a9bmnu6fqvhlff28qm0e0a1,328,6ifaeunfdelecgticvxanikzu,,,,,,,
Hillerød Fodbold,Frederik Emil Hedegaard Heiselberg,Angriber,577565,3bxz0cn0chwqvs1114ectrrsa,328,6ifaeunfdelecgticvxanikzu,,,,,,,
Hillerød Fodbold,Gregers Arndal-Lauritzen,Forsvarsspiller,510674,5i6n6yne6fh410vk7p7kkokmi,328,6ifaeunfdelecgticvxanikzu,,,,,,,
Hillerød Fodbold,Hjalte Toftegaard,Midtbanespiller,701647,e2157naqwp1qdsgaxre307cb8,328,6ifaeunfdelecgticvxanikzu,,,,,,,
Hillerød Fodbold,Jannik Holmsgaard Pohl,Angriber,234379,4pahxlj804u2yl4e43jci5jo5,328,6ifaeunfdelecgticvxanikzu,,,,,,,
Hillerød Fodbold,Jonas Lyshøj,Midtbanespiller,523116,7ck339p4vm40omvxzblra2zh0,328,6ifaeunfdelecgticvxanikzu,,,,,,,
Hillerød Fodbold,Jonathan Witt,Forsvarsspiller,508329,5z7y55t2o577r8ki3i5855as,328,6ifaeunfdelecgticvxanikzu,,,,,,,
Hillerød Fodbold,Kasper Enghardt Pedersen,Forsvarsspiller,383090,khqldwfq14b7giakss24l9t5,328,6ifaeunfdelecgticvxanikzu,,,,,,,
Hillerød Fodbold,Lucas Bøje-Larsen,Forsvarsspiller,449507,elsygne5tjybbxrqgehtovnro,328,6ifaeunfdelecgticvxanikzu,,,,,,,
Hillerød Fodbold,Mads Høyer Julø,Forsvarsspiller,450207,3bf4r3xgrs0ttlhgzb93as5t6,328,6ifaeunfdelecgticvxanikzu,,,,,,,
Hillerød Fodbold,Marinus Due Grandt,Midtbanespiller,562789,2tcdx5rp7vujnlid4oqqxdogk,328,6ifaeunfdelecgticvxanikzu,,,,,,,
Hillerød Fodbold,Markus Strøm Bay,Midtbanespiller,281250,bop31qof3lon7u6rvmb68ktzp,328,6ifaeunfdelecgticvxanikzu,,,,,,,
Hillerød Fodbold,Mathias Parrinello Veltz,Angriber,735823,3avg1grraylzm6xjt5kt18is4,328,6ifaeunfdelecgticvxanikzu,,,,,,,
Hillerød Fodbold,Monday Bassey Etim,Angriber,504570,1fjkjzsei9slx2t4zhsqdkve1,328,6ifaeunfdelecgticvxanikzu,,,,,,,
Hillerød Fodbold,Nicklas Bjerre Schmidt,Midtbanespiller,679217,5dlh0fa9yo6z283w9p58xmnoq,328,6ifaeunfdelecgticvxanikzu,,,,,,,
Hillerød Fodbold,Noah Kretzschmar Nielsen,Angriber,679654,5x7mnku7nky0ojwfvmmqphl3o,328,6ifaeunfdelecgticvxanikzu,,,,,,,
Hillerød Fodbold,Oliver Sejer Lauritsen,Forsvarsspiller,1102392,eubjlxwqsk71ecwvbedspt7v8,328,6ifaeunfdelecgticvxanikzu,,,,,,,
Hillerød Fodbold,Pierre Dahlin Larsen,Midtbanespiller,853248,akiwokthm1z7rbifshqhs24t1,328,6ifaeunfdelecgticvxanikzu,,,,,,,
Hillerød Fodbold,Poul Kallsberg,Angriber,609868,9vdj7ooa6z62r1cfi1f44haay,328,6ifaeunfdelecgticvxanikzu,,,,,,,
Hillerød Fodbold,Rasmus Kawiecky Møller,Forsvarsspiller,616983,9350utk4onh2hv5jznxqpkd7t,328,6ifaeunfdelecgticvxanikzu,,,,,,,
Hillerød Fodbold,Rezan Corlu,Midtbanespiller,0,bqcjd0macjc7hmtz7zx34ym6t,328,6ifaeunfdelecgticvxanikzu,,,,,,,
Hillerød Fodbold,Saman Jalaei,Angriber,680616,e0u730to91qqtvvx16uhajz10,328,6ifaeunfdelecgticvxanikzu,,,,,,,
Hillerød Fodbold,Solomon Opoku,Midtbanespiller,610104,3rok7i8nrt4yzx2melj4qiuqc,328,6ifaeunfdelecgticvxanikzu,,,,,,,
Hillerød Fodbold,Tobias Arndal,Midtbanespiller,511987,1n4eldqa7h9jvcx1693zqu06i,328,6ifaeunfdelecgticvxanikzu,,,,,,,
Hillerød Fodbold,Tobias Koktvedgaard,Midtbanespiller,1147282,f0nicq49lzng7vjxm5gcpij8,328,6ifaeunfdelecgticvxanikzu,,,,,,,
Hillerød Fodbold,Victor Rosendahl Dedes,Forsvarsspiller,579410,a5ixxqmfo537cvlb0a9x5n2ms,328,6ifaeunfdelecgticvxanikzu,,,,,,,
Hillerød Fodbold,William Owen Glindtvad,Forsvarsspiller,0,559w0q3q2smb3aeotyi724s9g,328,6ifaeunfdelecgticvxanikzu,,,,,,,
Hobro IK,Alexander Nathan,Midtbanespiller,814415,beu3ypladd5dexnm9x946kjkk,328,6ifaeunfdelecgticvxanikzu,,,,,,,
Hobro IK,Andreas Søndergaard,Målmand,1146073,dxv40hh07gxq4hn0i6dwb2l4a,328,6ifaeunfdelecgticvxanikzu,,,,,,,
Hobro IK,August Andreas Rømer Bryld,Midtbanespiller,679843,izewe5fthjad6hv14xgpm3v8,328,6ifaeunfdelecgticvxanikzu,,,,,,,
Hobro IK,Christian Enemark,Forsvarsspiller,399556,2qedb8t85t1ieeed9613c9crt,328,6ifaeunfdelecgticvxanikzu,,,,,,,
Hobro IK,Emil Søgaard Jensen,Forsvarsspiller,0,cflwegqpzch8y30pb3dhigqnd,328,6ifaeunfdelecgticvxanikzu,,,,,,,
Hobro IK,Frederik Dietz Nielsen,Forsvarsspiller,621798,ebd3uvtt54wkdsahc2127j02c,328,6ifaeunfdelecgticvxanikzu,,,,,,,
Hobro IK,Frederik Mortensen,Midtbanespiller,845860,1xcf8y3egy8j0g2c6xkcx6o6h,328,6ifaeunfdelecgticvxanikzu,,,,,,,
Hobro IK,Gustav Bjerge,Forsvarsspiller,682103,8uqsrzfe8mnhs8v3ii2v7b2tw,328,6ifaeunfdelecgticvxanikzu,,,,,,,
Hobro IK,Jonas Dakir,Målmand,484061,9yxhg70gpwi3e9s84c8qwg0yx,328,6ifaeunfdelecgticvxanikzu,,,,,,,
Hobro IK,Jonathan Filho Lind Rasmussen,Angriber,844402,3i9ak1jcw07wfgcrxqw29632s,328,6ifaeunfdelecgticvxanikzu,,,,,,,
Hobro IK,Lukas Sparre Klitten,Forsvarsspiller,449370,ea2x4o6ufsqoz2zz7tqcnvo16,328,6ifaeunfdelecgticvxanikzu,,,,,,,
Hobro IK,Magnus Rosengreen,Angriber,698259,ebddkdhm6fhar2ir2h7azhslw,328,6ifaeunfdelecgticvxanikzu,,,,,,,
Hobro IK,Marco Bruhn,Angriber,610500,8gqvlydur0v4cpmz1ozqkejh0,328,6ifaeunfdelecgticvxanikzu,,,,,,,
Hobro IK,Marius Haudrum Jacobsen,Forsvarsspiller,1224653,6bv0j0ezhh9u5u5hqz64p790q,328,6ifaeunfdelecgticvxanikzu,,,,,,,
Hobro IK,Mathias Haarup,Forsvarsspiller,510676,6t6k24gn6zwxz1g6c3n4ph0q,328,6ifaeunfdelecgticvxanikzu,,,,,,,
Hobro IK,Max Nielsen,Forsvarsspiller,1222413,8q8yol44e42o9hwttlopznvh0,328,6ifaeunfdelecgticvxanikzu,,,,,,,
Hobro IK,Mikkel Boye,Angriber,1094093,5jyv1dctfxa6335l1mlifwavo,328,6ifaeunfdelecgticvxanikzu,,,,,,,
Hobro IK,Mikkel Kannegaard Kristensen,Forsvarsspiller,1307268,3sog1gsk11bwwrf7l7wm2j7dg,328,6ifaeunfdelecgticvxanikzu,,,,,,,
Hobro IK,Mikkel Mejlstrup Pedersen,Midtbanespiller,1212993,9xub4z9b3bog8wqhn5yfihecp,328,6ifaeunfdelecgticvxanikzu,,,,,,,
Hobro IK,Oliver Augustus Sparre Klitten,Angriber,449367,e19g5bz7s9wqcvj8mttztxi0a,328,6ifaeunfdelecgticvxanikzu,,,,,,,
Hobro IK,Oliver Friis Dorph,Forsvarsspiller,449603,ayhdul772mr22qoly04psb3f8,328,6ifaeunfdelecgticvxanikzu,,,,,,,
Hobro IK,Oscar Nørgaard Meedom,Angriber,624706,4dmz3u7j1eoz4ofr1o8tbxedw,328,6ifaeunfdelecgticvxanikzu,,,,,,,
Hobro IK,Richmond Gyamfi,Angriber,1051708,efubck8twu1elbhlomltnjjtg,328,6ifaeunfdelecgticvxanikzu,,,,,,,
Hobro IK,Runar Hauge,Angriber,544678,4iwabfgtbuz5xmm2d99ov6v6y,328,6ifaeunfdelecgticvxanikzu,,,,,,,
Hobro IK,Søren Skals Andreasen,Angriber,380832,4qyfoq5fjiochtj89w426lm21,328,6ifaeunfdelecgticvxanikzu,,,,,,,
Hobro IK,Théo Hansen,Midtbanespiller,766318,e0rgqk3gxzs005m9ok9hvp1ck,328,6ifaeunfdelecgticvxanikzu,,,,,,,
Hobro IK,Valdemar Bach Schmølker,Midtbanespiller,0,2f0p63eeg2yc4jsyotle88q38,328,6ifaeunfdelecgticvxanikzu,,,,,,,
Hobro IK,Vedad Halilović,Midtbanespiller,0,ao1wnwvf7m3swnt85cs5w3sb8,328,6ifaeunfdelecgticvxanikzu,,,,,,,
Hobro IK,Villads Rasmussen,Midtbanespiller,678055,dwuxps3jv2852642q000wep6,328,6ifaeunfdelecgticvxanikzu,,,,,,,
Hobro IK,Zander Hyltoft,Midtbanespiller,545849,b0yv1pcxifawqx6r1cfqq3otm,328,6ifaeunfdelecgticvxanikzu,,,,,,,
Hvidovre,Ahmed Iljazovski,Forsvarsspiller,879754,bfvdr7ckiersz26ya2kq9f1g4,328,6ifaeunfdelecgticvxanikzu,,,,,,,
Hvidovre,Alexander Johansen,Angriber,1023285,7ymn0ytcqi6l43nqraxt9s1zo,328,6ifaeunfdelecgticvxanikzu,,,,,,,
Hvidovre,Anders Ravn,Målmand,680719,4qz1pnlx3d0m5wkhpocl0euj8,328,6ifaeunfdelecgticvxanikzu,,,,,,,
Hvidovre,Andreas Smed,Angriber,562692,dncrhma6gwcn6pxiu7hfc6qz8,328,6ifaeunfdelecgticvxanikzu,,,,,,,
Hvidovre,Ayo Simon Okosun,Midtbanespiller,224185,a7eramyy1bd8msxmg84ctc8ut,328,6ifaeunfdelecgticvxanikzu,,,,,,,
Hvidovre,Daniel Stenderup,Forsvarsspiller,56017,a30gduuv9d1s4pkthgu2jhyol,328,6ifaeunfdelecgticvxanikzu,,,,,,,
Hvidovre,Emmanuel Aby,Angriber,748624,907vtkod58b7986k7u1619gr8,328,6ifaeunfdelecgticvxanikzu,,,,,,,
Hvidovre,Frederik Høgh Jensen,Angriber,0,9tt9eo9bsff7dp7aqjal1obo4,328,6ifaeunfdelecgticvxanikzu,,,,,,,
Hvidovre,Fredrik Krogstad,Midtbanespiller,367924,dm6xpphbyyooqriwaambi7njd,328,6ifaeunfdelecgticvxanikzu,,,,,,,
Hvidovre,Haki Bedzeti,Forsvarsspiller,619520,4h35dzyugo35y8h99m3cx0wlw,328,6ifaeunfdelecgticvxanikzu,,,,,,,
Hvidovre,Jagvir Singh Sidhu,Angriber,521237,2cup1vjw8n43kbzzxfflnmplg,328,6ifaeunfdelecgticvxanikzu,,,,,,,
Kolding IF,Jeffrey Papayaw Adjei-Broni,Angriber,612342,1cumsropo1r0msfzxxteml1w,328,6ifaeunfdelecgticvxanikzu,,,,,,,
Hvidovre,Louka Prip,Angriber,562503,9dnceiwcpsatrdrj2m1uz6pnu,328,6ifaeunfdelecgticvxanikzu,,,,,,,
Hvidovre,Mads Kaalund Larsen,Midtbanespiller,330540,6uwvbagahvoavs630k8uksxjp,328,6ifaeunfdelecgticvxanikzu,,,,,,,
Hvidovre,Magnus Fredslund,Forsvarsspiller,562500,45dqseup0cmujyl4nprr29y0a,328,6ifaeunfdelecgticvxanikzu,,,,,,,
Hvidovre,Malte Kiilerich,Forsvarsspiller,370269,630daj1ef34rczbhng0eoncvd,328,6ifaeunfdelecgticvxanikzu,,,,,,,
Hvidovre,Marco Brylov,Målmand,562489,8r9iqig43yjty7l1oq6yg73mc,328,6ifaeunfdelecgticvxanikzu,,,,,,,
Hvidovre,Marius Elvius,Forsvarsspiller,505392,6c2isptqoy4cq5c8rlr9s1roq,328,6ifaeunfdelecgticvxanikzu,,,,,,,
Hvidovre,Mehmet Coskun,Forsvarsspiller,0,db671oj1jx2uknf12t8b3s7x0,328,6ifaeunfdelecgticvxanikzu,,,,,,,
Hvidovre,Morten Brander Knudsen,Midtbanespiller,1226177,1basznqpux0hkrrd06eaxodsl,328,6ifaeunfdelecgticvxanikzu,,,,,,,
Hvidovre,Nicolai Clausen,Forsvarsspiller,623252,6dzg820946z4848whaa6ny2nd,328,6ifaeunfdelecgticvxanikzu,,,,,,,
Hvidovre,Nicolaj Jungvig,Forsvarsspiller,579393,3pk6hii2s8tbv2zux8mvbapec,328,6ifaeunfdelecgticvxanikzu,,,,,,,
Hvidovre,Oliver Kjærgaard,Midtbanespiller,435879,cl4xl80n4gew1ox03r3ooshrd,328,6ifaeunfdelecgticvxanikzu,,,,,,,
Hvidovre,Zamir Aliji,Midtbanespiller,620821,aajgld24isoem1ycoysyxxp1w,328,6ifaeunfdelecgticvxanikzu,,,,,,,
Kolding IF,Abdoulie Njai,Forsvarsspiller,576657,f1ba9g771s0zeel0titcj3omi,328,6ifaeunfdelecgticvxanikzu,,,,,,,
Kolding IF,Abdul Samad Shahzad Arshad,Angriber,577577,3j4yxqk470udckpmequhkmdjo,328,6ifaeunfdelecgticvxanikzu,,,,,,,
Kolding IF,Adam Danko,Målmand,632999,1lxsyoos06fqbsi6skcm974a2,328,6ifaeunfdelecgticvxanikzu,,,,,,,
Kolding IF,Albert Nørager,Forsvarsspiller,450069,8ewvm6ux4yvpwgrzjkc1chqwa,328,6ifaeunfdelecgticvxanikzu,,,,,,,
Kolding IF,Ari Leifsson,Forsvarsspiller,375596,dqssvdpt2iwg8qn9wto3miind,328,6ifaeunfdelecgticvxanikzu,,,,,,,
Kolding IF,Casper Holmelund,Angriber,824711,5moycfv7blzfnjqiruao7dv6c,328,6ifaeunfdelecgticvxanikzu,,,,,,,
Kolding IF,Casper Jørgensen,Midtbanespiller,1172915,9fvf8z6p8ok0n5vu999ysfywa,328,6ifaeunfdelecgticvxanikzu,,,,,,,
Kolding IF,Christian Vestergaard,Forsvarsspiller,450067,3xz0h3d6r2qgmv9egms8yaz56,328,6ifaeunfdelecgticvxanikzu,,,,,,,
Kolding IF,Christoffer Felix Cornelius Petersen,Målmand,765300,7xde75gwrng67wvjkugv9xih,328,6ifaeunfdelecgticvxanikzu,,,,,,,
Kolding IF,Christoffer Palm,Midtbanespiller,523122,b6l4m6bmqgil9bjjov4tnuivo,328,6ifaeunfdelecgticvxanikzu,,,,,,,
Kolding IF,Dalton James Wilkins,Forsvarsspiller,556414,5q4p56lg1vjsqo824aql0e1d6,328,6ifaeunfdelecgticvxanikzu,,,,,,,
Kolding IF,Eric Josef Arno Voufack,Forsvarsspiller,576890,5d57rssywlhqtf3a70gh2ra7e,328,6ifaeunfdelecgticvxanikzu,,,,,,,
Kolding IF,Filip Lesniak,Midtbanespiller,241854,3q6uah3ucqhk39bymyfma9xp1,328,6ifaeunfdelecgticvxanikzu,,,,,,,
Kolding IF,Frederik Brinch Møller,Midtbanespiller,681361,e3546n3qj447qgmizao50zx1w,328,6ifaeunfdelecgticvxanikzu,,,,,,,
Kolding IF,Hans Høllsberg,Midtbanespiller,569844,7apuo8j6dbzbr264gwsckrr4k,328,6ifaeunfdelecgticvxanikzu,,,,,,,
Kolding IF,Isak Frederik Tånnander,Midtbanespiller,561153,6bajck5osvj7trnwt2a5mc3dg,328,6ifaeunfdelecgticvxanikzu,,,,,,,
Kolding IF,Jakob Vadstrup Larsen,Forsvarsspiller,579347,b55jtl3ixolidn6cvc4t90efo,328,6ifaeunfdelecgticvxanikzu,,,,,,,
Kolding IF,Jamiu Olaide Musbaudeen,Midtbanespiller,869456,4uuqid6t4nspn0wspyltz3bx0,328,6ifaeunfdelecgticvxanikzu,,,,,,,
Kolding IF,Jesús Alfaro Ligero,Midtbanespiller,4924,3w7q1ecmus6kp32gxevgiqj11,328,6ifaeunfdelecgticvxanikzu,,,,,,,
Kolding IF,Joachim Juhl Rothmann,Angriber,476356,e2aqcawslcbpp88nia8eko2y1,328,6ifaeunfdelecgticvxanikzu,,,,,,,
Kolding IF,Jóhannes Kristinn Bjarnason,Midtbanespiller,676997,2q6sb58hub7xdy96endeu5v1m,328,6ifaeunfdelecgticvxanikzu,,,,,,,
Kolding IF,Lennart Franklin Moser,Målmand,622836,6sdv4s8oz558wfhx72vwlpvu2,328,6ifaeunfdelecgticvxanikzu,,,,,,,
Kolding IF,Mads Thorsøe Bager,Forsvarsspiller,453310,bq76t7rh2vynmvwx9mtvnl9g4,328,6ifaeunfdelecgticvxanikzu,,,,,,,
Kolding IF,Magnus Døj,Forsvarsspiller,627720,ditbnaezwo4x10717bf53uwb8,328,6ifaeunfdelecgticvxanikzu,,,,,,,
Kolding IF,Magnus Saaby,Midtbanespiller,552251,423hv4unq5vvnp7kecv6wp3is,328,6ifaeunfdelecgticvxanikzu,,,,,,,
Kolding IF,Mats Pedersen,Midtbanespiller,1212993,44gqeji9twbkdtrcr2ias4efo,328,6ifaeunfdelecgticvxanikzu,,,,,,,
Kolding IF,Meinhard Olsen,Midtbanespiller,1084336,4zpmxlmdfa5wx79cr0q14pfx1,328,6ifaeunfdelecgticvxanikzu,,,,,,,
Kolding IF,Mikael Ingebrigtsen,Angriber,145683,autmfpgrt8z6sqtzk8j1ww82d,328,6ifaeunfdelecgticvxanikzu,,,,,,,
Kolding IF,Momodou Sarr,Angriber,565838,9618hk1lq7i6see347k7plkyy,328,6ifaeunfdelecgticvxanikzu,,,,,,,
Kolding IF,Nebiyou Sundance Perry,Midtbanespiller,434177,f3xbdt2opb6n1y13cqvug6zft,328,6ifaeunfdelecgticvxanikzu,,,,,,,
Kolding IF,Nemanja Nedić,Forsvarsspiller,422352,e0ufk65mqc1url5qznskeamzt,328,6ifaeunfdelecgticvxanikzu,,,,,,,
Kolding IF,Nicolai Bossen,Midtbanespiller,690948,dvnd5025v01tme7xzayw6jhn8,328,6ifaeunfdelecgticvxanikzu,,,,,,,
Kolding IF,Niels Henrik Melsæther Morberg,Midtbanespiller,449136,5u9zrgsm6wycfcbk04m64wd1w,328,6ifaeunfdelecgticvxanikzu,,,,,,,
Kolding IF,Pascal Juan Estrada,Forsvarsspiller,584073,57g4wlxt2sdykfwtb8u0ghqwa,328,6ifaeunfdelecgticvxanikzu,,,,,,,
Kolding IF,Pontus Andy Texel,Forsvarsspiller,621856,f044eq5rxmsnz0gun55t9kqy2,328,6ifaeunfdelecgticvxanikzu,,,,,,,
Kolding IF,Sebastian Sommer Sørensen,Midtbanespiller,500522,77ukg02lmfn6r70xfkw9607op,328,6ifaeunfdelecgticvxanikzu,,,,,,,
Kolding IF,Sterling Siloe Yatéké,Angriber,579706,9ircna8pbskreztmy1wiqwx9m,328,6ifaeunfdelecgticvxanikzu,,,,,,,
Kolding IF,Villads Westh,Midtbanespiller,620140,8h3cyhuw5049gcxrsld3rw1ec,328,6ifaeunfdelecgticvxanikzu,,,,,,,
Kolding IF,Vladislav Morozov,Angriber,607760,eh5vcpzxaze0ru5xdi1wbhoq2,328,6ifaeunfdelecgticvxanikzu,,,,,,,
Lyngby Boldklub,Aksel Lund Jörgensen,Midtbanespiller,0,1ubrmpt0fqbz1i3nmnoh8hp90,328,6ifaeunfdelecgticvxanikzu,,,,,,,
Lyngby Boldklub,Baptiste Jean Rolland,Forsvarsspiller,626392,2wwpfsducpmryacr17y8k70iy,328,6ifaeunfdelecgticvxanikzu,,,,,,,
Lyngby Boldklub,Bror Blume,Midtbanespiller,56251,1acmsp1ulfijcrryff1qibdud,328,6ifaeunfdelecgticvxanikzu,,,,,,,
Lyngby Boldklub,Casper Winther,Midtbanespiller,911542,d854rlweyk5wq6d2veyviukq2,328,6ifaeunfdelecgticvxanikzu,,,,,,,
Lyngby Boldklub,Django Warmerdam,Forsvarsspiller,283942,6my743on19jmzmlq0crx3mq51,328,6ifaeunfdelecgticvxanikzu,,,,,,,
Lyngby Boldklub,Frederik Gytkjær,Angriber,224165,deyq3zqd0vwc821ngqldxqor9,328,6ifaeunfdelecgticvxanikzu,,,,,,,
Lyngby Boldklub,Gustav Fraulo,Midtbanespiller,624710,6zhj070huc77sl5o5bx6ey5g4,328,6ifaeunfdelecgticvxanikzu,,,,,,,
Lyngby Boldklub,Jens Jakob Thomasen,Midtbanespiller,234375,4qqaok0kamm887gckta83gv6d,328,6ifaeunfdelecgticvxanikzu,,,,,,,
Lyngby Boldklub,Johan Meyer,Forsvarsspiller,591140,839pm7rmjp6q1bt52f7ek9vys,328,6ifaeunfdelecgticvxanikzu,,,,,,,
Lyngby Boldklub,Jonathan Risbjerg Ægidius,Målmand,500251,52vwj2s29n7wngablotd7pboq,328,6ifaeunfdelecgticvxanikzu,,,,,,,
Lyngby Boldklub,Lauge Sandgrav,Midtbanespiller,593779,6d0lxiep13vdv32bdb0xwyrys,328,6ifaeunfdelecgticvxanikzu,,,,,,,
Lyngby Boldklub,Luka Racic,Forsvarsspiller,425929,a0dyuysg0p6ekvy4qkkfkwnvt,328,6ifaeunfdelecgticvxanikzu,,,,,,,
Lyngby Boldklub,Magnus Warming,Angriber,506857,diwrq7ulrey4juxk4dafct0q1,328,6ifaeunfdelecgticvxanikzu,,,,,,,
Lyngby Boldklub,Mathias Hebo,Midtbanespiller,328537,b13l1wrb747y9cdc8wqltan6d,328,6ifaeunfdelecgticvxanikzu,,,,,,,
Lyngby Boldklub,Mathias Kaarsbo,Midtbanespiller,684698,4be1c2qp4tcftgdqxz36e32ms,328,6ifaeunfdelecgticvxanikzu,,,,,,,
Lyngby Boldklub,Mihajlo Ivancevic,Forsvarsspiller,536823,eq15hjcxpdrl5vca2q7s4tr3e,328,6ifaeunfdelecgticvxanikzu,,,,,,,
Lyngby Boldklub,Mikkel Rosleff Fischer,Forsvarsspiller,621854,5ezedgrsrflkr1gi8o6eu7j3e,328,6ifaeunfdelecgticvxanikzu,,,,,,,
Lyngby Boldklub,Oliver Klemensen Brendstrup Bødker,Forsvarsspiller,876443,3xcehrj5mlwk5ups7o8een6dw,328,6ifaeunfdelecgticvxanikzu,,,,,,,
Lyngby Boldklub,Oskar Buur,Forsvarsspiller,347358,8822s8ns7oyvjqade4oaxzg0l,328,6ifaeunfdelecgticvxanikzu,,,,,,,
Lyngby Boldklub,Simon Willem Colyn,Midtbanespiller,540168,8npu0cbqjrhwv5km1w29kh016,328,6ifaeunfdelecgticvxanikzu,,,,,,,
Lyngby Boldklub,Tobias Storm,Forsvarsspiller,594473,4bstdc3zla1sn85ev3bcmw1lg,328,6ifaeunfdelecgticvxanikzu,,,,,,,
Lyngby Boldklub,William Oliver Steindorsson,Midtbanespiller,705613,9kxm9u9x44fkygeh5xpag7pqs,328,6ifaeunfdelecgticvxanikzu,,,,,,,
Lyngby Boldklub,Isak Snær Thorvaldsson,Angriber,0,5k2hgogp2g5ivgdnq99ejp27e,328,6ifaeunfdelecgticvxanikzu,,,,,,,
Middelfart G & BK,Bardhec Ahmet Bytyqi,Midtbanespiller,442100,a5ah5r5vl0pjgt655lc5qqvop,328,6ifaeunfdelecgticvxanikzu,,,,,,,
Middelfart G & BK,Benjamin Zjajo,Midtbanespiller,449390,amfro1vgaqpdg569xjk2h28ve,328,6ifaeunfdelecgticvxanikzu,,,,,,,
Middelfart G & BK,Casper Radza,Målmand,56121,8i16xur310p25unjt0zjrluj9,328,6ifaeunfdelecgticvxanikzu,,,,,,,
Middelfart G & BK,Christian Boyum Johansen,Forsvarsspiller,624807,93aftijgywz8ipt0e9i3ia1w4,328,6ifaeunfdelecgticvxanikzu,,,,,,,
Middelfart G & BK,Elias Valentin Andersen,Angriber,1084394,46nx0rm8sod6bbo4a3d7g6jv8,328,6ifaeunfdelecgticvxanikzu,,,,,,,
Middelfart G & BK,Jacob Dyrberg Linnet,Midtbanespiller,517851,19gornjqd7f2ugeg8mg0gs4q,328,6ifaeunfdelecgticvxanikzu,,,,,,,
Middelfart G & BK,Jacob Vetter Laursen,Forsvarsspiller,1182766,3ywgt5v070xudujs9f7cuqm7d,328,6ifaeunfdelecgticvxanikzu,,,,,,,
Middelfart G & BK,Jerailly Maikel Wielzen,Midtbanespiller,762382,1id5av4i7p6tmhf1vuigvlmvo,328,6ifaeunfdelecgticvxanikzu,,,,,,,
Middelfart G & BK,Jonas Villemoes,Midtbanespiller,682507,3yt6hqo1ayr093vpohg4kwufo,328,6ifaeunfdelecgticvxanikzu,,,,,,,
Middelfart G & BK,Jonathan Jørgensen Hutters,Målmand,603795,c6wip4rfbv5a932cilwjssup6,328,6ifaeunfdelecgticvxanikzu,,,,,,,
Middelfart G & BK,Kanga Liam Aaron Akalé,Angriber,769436,d0ozf1itum1cvg6704dch7uac,328,6ifaeunfdelecgticvxanikzu,,,,,,,
Middelfart G & BK,Lasse Thomsen,Forsvarsspiller,1222414,4mqa0zc588jhgzysux59avahh,328,6ifaeunfdelecgticvxanikzu,,,,,,,
Middelfart G & BK,Mads Hjalmar Hansen,Midtbanespiller,1234283,945m1ao4o1wvojbkckvdtjre2,328,6ifaeunfdelecgticvxanikzu,,,,,,,
Middelfart G & BK,Mads Juul Greve,Forsvarsspiller,334043,ef7l91pb4w6yk7lijxjxlievp,328,6ifaeunfdelecgticvxanikzu,,,,,,,
Middelfart G & BK,Malthe Boy Kristensen,Forsvarsspiller,1307268,1znq0m3xloag4frfu715yy8lw,328,6ifaeunfdelecgticvxanikzu,,,,,,,
Middelfart G & BK,Malthe O'Connor Leerhøy Harbo Boesen,Angriber,325958,6j52ab9vnkhef31151cmjywnp,328,6ifaeunfdelecgticvxanikzu,,,,,,,
Middelfart G & BK,Matthias Præst Nielsen,Midtbanespiller,563859,j3w482yhlge6u4b1cju3d17u,328,6ifaeunfdelecgticvxanikzu,,,,,,,
Middelfart G & BK,Mikkel Søfeldt Nielsen,Angriber,678652,1d4tmv3ei6vm7ugma79hn2yhg,328,6ifaeunfdelecgticvxanikzu,,,,,,,
Middelfart G & BK,Nikolaj Juul-Sandberg,Midtbanespiller,685762,6eg3kxxg5aneckolraz03xzpw,328,6ifaeunfdelecgticvxanikzu,,,,,,,
Middelfart G & BK,Noah Barholt Rasmussen,Midtbanespiller,766643,846p691upy8hsw0pgteb6ktuc,328,6ifaeunfdelecgticvxanikzu,,,,,,,
Middelfart G & BK,Rasmus Koch Groth Petersen,Midtbanespiller,0,7g7ez1jgvxgmxzpp6xsz4nndg,328,6ifaeunfdelecgticvxanikzu,,,,,,,
Middelfart G & BK,Robert Kakeeto,Midtbanespiller,408230,8pit4oud8sym57oc8m0f3j8ix,328,6ifaeunfdelecgticvxanikzu,,,,,,,
Middelfart G & BK,Søren Eg Pedersen,Forsvarsspiller,794604,bzwk6jaak6q2ak9u6o75v6ihg,328,6ifaeunfdelecgticvxanikzu,,,,,,,
Middelfart G & BK,Søren Reese,Forsvarsspiller,56570,4bkqvwlmbwul0s8lbbq6mifp,328,6ifaeunfdelecgticvxanikzu,,,,,,,
Middelfart G & BK,Valdemar Manley Kwasniak,Midtbanespiller,578590,9fwkh5u6rr16g3us2x02frtp0,328,6ifaeunfdelecgticvxanikzu,,,,,,,
Hvidovre,Oliver Bjerrum Jensen,Midtbanespiller,525614,,328,,Thisted,2026-07-01,2029-06-30,www.hif.dk,Intern,2026-05-20 21:18:22,
Vejle,Nicolai Larsen,GKP,56378,,335,,Silkeborg,2026-07-01,2028-06-30,https://www.vejle-boldklub.dk/vejle-boldklub-skriver-kontrakt-med-erfaren-maalmandsprofil,,2026-05-20 21:53:58,False
Vejle,Kasper Kristensen,GKP,547331,,335,,Esbjerg,2026-07-01,2028-06-30,https://vejle-boldklub.dk/kasper-kristensen-skriver-kontrakt-med-vejle-boldklub/,,2026-05-21 21:41:48,False
Vejle,Gustav Marcussen,FWD,347368,,335,,Fredericia,2026-07-01,2029-06-30,https://vejle-boldklub.dk/vejle-boldklub-henter-gustav-marcussen/,,2026-05-21 21:43:02,False
